<?xml version="1.0" encoding="UTF-8"?>
<project-private xmlns="http://www.netbeans.org/ns/project-private/1">
    <editor-bookmarks xmlns="http://www.netbeans.org/ns/editor-bookmarks/2" lastBookmarkId="0"/>
    <open-files xmlns="http://www.netbeans.org/ns/projectui-open-files/2">
        <group>
            <file>file:/C:/Users/Jéssica%20Ferreira/Documents/NetBeansProjects/Decorator/src/decorator/PacoteIII.java</file>
            <file>file:/C:/Users/Jéssica%20Ferreira/Documents/NetBeansProjects/Decorator/src/interfaces/IAssinatura.java</file>
            <file>file:/C:/Users/Jéssica%20Ferreira/Documents/NetBeansProjects/Decorator/src/decorator/Pacote.java</file>
            <file>file:/C:/Users/Jéssica%20Ferreira/Documents/NetBeansProjects/Decorator/src/decorator/PacoteI.java</file>
            <file>file:/C:/Users/Jéssica%20Ferreira/Documents/NetBeansProjects/Decorator/src/cliente/Principal.java</file>
            <file>file:/C:/Users/Jéssica%20Ferreira/Documents/NetBeansProjects/Decorator/src/decorator/PacoteII.java</file>
            <file>file:/C:/Users/Jéssica%20Ferreira/Documents/NetBeansProjects/Decorator/src/servicos/Assinatura.java</file>
            <file>file:/C:/Users/Jéssica%20Ferreira/Documents/NetBeansProjects/Decorator/src/decorator/PacoteIV.java</file>
        </group>
    </open-files>
</project-private>
